GeneID,motif
AGAP005749,IGPYYRI
AGAP002898,LQNLIVL
AGAP003257,FGTIGAL
AGAP004163,VDYYFPT
AGAP004164,ADYYYPQ
AGAP004165,ADFYHPQ
AGAP004171,EDYYYPL
AGAP004172,FVYYSPV
AGAP004173,LANIDVL
AGAP004378,SQAFYPV
AGAP004379,TTYYHPI
AGAP004380,LQAVLSH
AGAP004381,YENVHVQ
AGAP004382,IDIIHLV
AGAP004383,IEYVECI
AGAP010404,IVAYEPD
AGAP009190,AEVMRKI
AGAP009191,RFCTDNL
AGAP009192,RFYFEPI
AGAP009193,RFYLEPI
AGAP009194,RFIFERI
AGAP009195,RFITELV
AGAP009196,SFLFEPV
AGAP009197,RWILEPV
AGAP009342,RNVLMTV
AGAP000761,AIYFQYV
AGAP000888,SLYFFHV
AGAP000947,SAYVMAP
